[
{"id":"1","name":"ΕΛΛΗΝΙΚΗ ΕΤΑΙΡΕΙΑ ΕΠΕΝΔΥΣΕΩΝ ΚΑΙ ΕΞΩΤΕΡΙΚΟΥ ΕΜΠΟΡΙΟΥ Α.Ε.","company":"ΕΛΛΗΝΙΚΗ ΕΤΑΙΡΕΙΑ ΕΠΕΝΔΥΣΕΩΝ ΚΑΙ ΕΞΩΤΕΡΙΚΟΥ ΕΜΠΟΡΙΟΥ Α.Ε.","work_title":"ΠΡΟΣΕΛΚΥΣΗ - ΠΡΟΩΘΗΣΗ ΕΠΕΝΔΥΣΕΩΝ & ΠΡΟΩΘΗΣΗ ΕΞΑΓΩΓΩΝ","email":"info@enterprisegreece.gov.gr","mobile":"","phone":"2103355700","address":"ΒΑΣ. ΣΟΦΙΑΣ 109, ΑΘΗΝΑ, 115 21 ","city":"ΑΘΗΝΑ","vat":"094439436","doy":"Φ.Α.Ε. ΑΘΗΝΩΝ","mail_account":"","phone_account":""},
{"id":"2","name":"ΝΙΚΟΛΑΟΣ Κ. ΖΑΡΤΑΛΟΥΔΗΣ","company":"ΝΙΚΟΛΑΟΣ Κ. ΖΑΡΤΑΛΟΥΔΗΣ","work_title":"ΣΥΜΒΟΥΛΟΣ MARKETING ","email":"nicholas@digitalgarage.gr","mobile":"6977653553","phone":"","address":"ΑΓΙΑΣ ΣΟΦΙΑΣ 22-34, ΒΥΡΩΝΑΣ, 162 31","city":"ΒΥΡΩΝΑΣ","vat":"063427430","doy":"ΒΥΡΩΝΑ","mail_account":"","phone_account":""},
{"id":"3","name":"ΚΥΡΙΑΚΙΔΟΥ ΒΑΣΙΛΙΚΗ","company":"ΚΥΡΙΑΚΙΔΟΥ ΒΑΣΙΛΙΚΗ - Thinking Pixel","work_title":"ΥΠΗΡΕΣΙΕΣ ΠΛΗΡΟΥΣ ΔΙΑΦΗΜΙΣΗΣ","email":"vaskyriakidou@gmail.com","mobile":"6980915143","phone":"2130362645","address":"ΚΑΝΑΡΗ 32, ΓΛΥΚΑ ΝΕΡΑ, 153 54","city":"ΓΛΥΚΑ ΝΕΡΑ","vat":"063237203","doy":"ΚΟΡΩΠΙΟΥ","mail_account":"","phone_account":""},
{"id":"4","name":"ΣΠΑΝΟΣ ΔΗΜΗΤΡΙΟΣ","company":"INMARS Α.Ε.Β.Ε.","work_title":"ΒΙΟΜΗΧΑΝΙΚΑ & ΝΑΥΤΙΛΙΑΚΑ ΠΡΟΪΟΝΤΑ","email":"inmars@otenet.gr","mobile":"6936964165","phone":"2104836684","address":"ΔΗΜΗΤΣΑΝΗΣ 3 - 5, ΜΟΣΧΑΤΟ, 183 46","city":"ΜΟΣΧΑΤΟ","vat":"094048831","doy":"Φ.Α.Ε. ΠΕΙΡΑΙΑ","mail_account":"","phone_account":""},
{"id":"5","name":"ΜΑΝΤΑΛΕΡΗΣ ΗΡΑΚΛΗΣ","company":"ΜΑΝΤΑΛΕΡΗΣ ΗΡΑΚΛΗΣ","work_title":"ΧΕΙΡΟΥΡΓΟΣ ΟΔΟΝΤΙΑΤΡΟΣ","email":"mantaleris@yahoo.gr ","mobile":"6937170260","phone":"","address":"ΑΦΡΟΔΙΤΗΣ 53, ΕΛΛΗΝΙΚΟ, 167 77","city":"ΑΘΗΝΑ","vat":"054505204","doy":"ΗΛΙΟΥΠΟΛΗΣ","mail_account":"","phone_account":""},
{"id":"9","name":"HOLIDAY PROPERTIES Α.Ε.","company":"HOLIDAY PROPERTIES Α.Ε.","work_title":"ΑΝΑΠΤΥΞΙΑΚΗ - ΚΑΤΑΣΚΕΥΑΣΤΙΚΗ","email":"dvergis@gmail.com","mobile":"6977560361","phone":"2810289013","address":"ΗΡΟΔΟΤΟΥ 190, Ν. ΑΛΙΚΑΡΝΑΣΣΟΣ, 71 601","city":"ΗΡΑΚΛΕΙΟ","vat":"998921320","doy":"Β ΗΡΑΚΛΕΙΟΥ","mail_account":"","phone_account":""},
{"id":"13","name":"ΜΑΡΑΓΚΟΥΔΑΚΗΣ Θ. ΕΜ. & ΣΙΑ Ι.Κ.Ε.","company":"ΜΑΡΑΓΚΟΥΔΑΚΗΣ Θ. ΕΜ. & ΣΙΑ Ι.Κ.Ε.","work_title":"ΕΓΚΑΤΑΣΤΑΣΗ - ΣΥΝΤΗΡΗΣΗ ΑΝΕΛΚΥΣΤΗΡΩΝ ","email":"elevators@otenet.gr","mobile":"","phone":"2109919157","address":"ΣΟΦ. ΒΕΝΙΖΕΛΟΥ 145Α, ΗΛΙΟΥΠΟΛΗ, 163 43","city":"ΗΛΙΟΥΠΟΛΗ","vat":"091793874","doy":"ΗΛΙΟΥΠΟΛΗΣ","mail_account":"","phone_account":""},
{"id":"14","name":"ΨΑΡΕΛΗΣ ΙΩΑΝΝΗΣ","company":"ΨΑΡΕΛΗΣ Μ. ΙΩΑΝΝΗΣ","work_title":"ΥΠΗΡΕΣΙΕΣ ΠΡΟΠΟΝΗΤΩΝ ΑΘΛΗΤΩΝ","email":"smartsportcoach@hotmail.com","mobile":"6937170620","phone":"","address":"ΠΛΟΥΤΩΝΟΣ 17, Π. ΦΑΛΗΡΟ, 175 62","city":"ΑΘΗΝΑ","vat":"075029675","doy":"Π. ΦΑΛΗΡΟΥ","mail_account":"","phone_account":""},
{"id":"15","name":"ΑΝΤΩΝΙΟΥ ΗΛΙΑΣ","company":"ΕΛΙΞ - ΠΡΟΓΡΑΜΜΑΤΑ ΕΘΕΛΟΝΤΙΚΗΣ ΕΡΓΑΣΙΑΣ","work_title":"ΑΣΤΙΚΗ ΜΗ ΚΕΡΔΟΣΚΟΠΙΚΗ ΕΤΑΙΡΕΙΑ","email":"ilias.antoniou@gmail.com","mobile":"","phone":"2103825506","address":"ΒΕΡΑΝΖΕΡΟΥ 15, ΑΘΗΝΑ, 106 77","city":"ΑΘΗΝΑ","vat":"090114478","doy":"Α ΑΘΗΝΩΝ","mail_account":"","phone_account":""},
{"id":"17","name":"ΜΙΧΑΛΗΣ ΤΣΑΤΣΑΡΩΝΗΣ","company":"QUDOS ΕΛΛΑΣ Ε.Π.Ε.","work_title":"ΑΣΦΑΛΕΙΕΣ","email":"p.michali@eurostatus.gr","mobile":"","phone":"2164004100","address":"ΠΙΝΔΟΥ 56-58","city":"ΧΑΛΑΝΔΡΙ","vat":"800367684","doy":"ΧΑΛΑΝΔΡΙΟΥ","mail_account":"","phone_account":""},
{"id":"18","name":"ΠΑΠΑΔΟΠΟΥΛΟΣ ΓΕΩΡΓΙΟΣ","company":"ΠΑΠΑΔΟΠΟΥΛΟΣ ΓΕΩΡΓΙΟΣ","work_title":"ΣΧΟΛΗ ΟΔΗΓΩΝ","email":"papadosxoli@hotmail.com","mobile":"6955966542","phone":"","address":"ΑΓΙΑΣ ΛΑΥΡΑΣ 1, ΗΛΙΟΥΠΟΛΗ, 163 45","city":"ΗΛΙΟΥΠΟΛΗ","vat":"148668354","doy":"ΗΛΙΟΥΠΟΛΗΣ","mail_account":"","phone_account":""},
{"id":"19","name":"ΠΑΡΑΣΚΕΥΟΠΟΥΛΟΥ ΣΤΑΥΡΟΥΛΑ","company":"ΠΑΡΑΣΚΕΥΟΠΟΥΛΟΥ ΣΤΑΥΡΟΥΛΑ","work_title":"ΦΩΤΟΓΡΑΦΟΣ","email":"info@sabrinaphotoagency.gr","mobile":"","phone":"2106463385","address":"ΠΑΥΛΟΥ ΝΙΡΒΑΝΑ 18, ΨΥΧΙΚΟ, 154 51","city":"ΝΕΟ ΨΥΧΙΚΟ","vat":"046520188","doy":"ΨΥΧΙΚΟΥ","mail_account":"","phone_account":""},
{"id":"20","name":"ΠΑΣΧΑΛΙΔΗ ΜΑΡΙΑ","company":"ΠΑΣΧΑΛΙΔΟΥ ΑΛΕΞΙΟΥ ΜΑΡΙΑ","work_title":"ΑΙΣΘΗΤΙΚΟΣ - ΦΑΡΜΑΚΟΠΟΙΟΣ","email":"paschalidi.marousi@gmail.com","mobile":"6936639226","phone":"2108026583","address":"ΡΟΔΟΥ 2, ΜΑΡΟΥΣΙ, 151 22","city":"ΜΑΡΟΥΣΙ","vat":"042725314","doy":"ΑΜΑΡΟΥΣΙΟΥ","mail_account":"","phone_account":""},
{"id":"21","name":"ΜΙΧΑΛΗΣ ΤΣΑΤΣΑΡΩΝΗΣ","company":"FUTURE MOVING FORWARD","work_title":"ΜΕΣΙΤΕΣ ΑΣΦΑΛΙΣΕΩΝ ΑΝΩΝΥΜΗ ΕΤΑΙΡΕΙΑ","email":"p.michali@eurostatus.gr","mobile":"","phone":"2103825506","address":"ΧΑΣΙΩΤΗ 13, Ν. ΦΙΛΟΘΕΗ, 151 23","city":"ΑΘΗΝΑ","vat":"800719473","doy":"ΦΑΕ ΑΘΗΝΩΝ","mail_account":"","phone_account":""},
{"id":"22","name":"ΜΙΧΑΛΗΣ ΤΣΑΤΣΑΡΩΝΗΣ","company":"AEGEAN ΑΣΦΑΛΕΙΕΣ Α.Ε.","work_title":"ΑΣΦΑΛΕΙΕΣ","email":"p.michali@eurostatus.gr","mobile":"","phone":"2164004100","address":"ΠΙΝΔΟΥ 56-58, ΧΑΛΑΝΔΡΙ, 152 33","city":"ΧΑΛΑΝΔΡΙ","vat":"800579816","doy":"Φ.Α.Ε. ΑΘΗΝΩΝ","mail_account":"","phone_account":""},
{"id":"23","name":"ΙΩΑΝΝΗΣ ΠΑΝΑΓΙΩΤΙΔΗΣ","company":"ΠΑΝΑΓΙΩΤΙΔΗΣ ΙΩΑΝΝΗΣ & ΣΙΑ Ε.Ε.","work_title":"ΒΙΟΜΗΧΑΝΙΚΟΣ ΕΞΟΠΛΙΣΜΟΣ ΚΑΙ ΕΡΓΑΛΕΙΑ","email":"panagjohn@gmail.com","mobile":"6945977657","phone":"2108102500","address":"Λ. ΠΗΓΗΣ 31, ΜΕΛΙΣΣΙΑ, 151 27","city":"ΜΕΛΙΣΣΙΑ","vat":"9998696524","doy":"ΑΜΑΡΟΥΣΙΟΥ","mail_account":"","phone_account":""},
{"id":"24","name":"ΕΦΗ ","company":"R MEDIA ΕΚΔΟΤΙΚΗ Ε.Π.Ε.","work_title":"ΕΚΔΟΣΗ ΕΝΤΥΠΩΝ ΠΕΡΙΟΔΙΚΩΝ","email":"info@yachting-capital.gr","mobile":"","phone":"2109645009","address":"ΛΕΩΦ, ΚΑΛΑΜΑΚΙΟΥ 37, ΑΛΙΜΟΣ, 174 55","city":"ΑΛΙΜΟΣ","vat":"801079506","doy":"Π. ΦΑΛΗΡΟΥ","mail_account":"","phone_account":""},
{"id":"25","name":"HELLENIC WAVE","company":"HELLENIC WAVE","work_title":"ΕΤΑΙΡΕΙΑ ΑΣΤΙΚΗ - ΜΗ ΚΕΡΔΟΣΚΟΠΙΚΗ","email":"kakia@myrtoanastasopoulou.com","mobile":"6979400713","phone":"2107222653","address":"ΝΕΟΦΥΤΟΥ ΔΟΥΚΑ 5, ΑΘΗΝΑ, 106 74","city":"ΑΘΗΝΑ","vat":"997074546","doy":"Δ ΑΘΗΝΩΝ","mail_account":"","phone_account":""},
{"id":"26","name":"ΕΛΤΑ Α.Ε.","company":"ΕΛΤΑ Α.Ε.","work_title":"ΕΛΛΗΝΙΚΑ ΤΑΧΥΔΡΟΜΕΙΑ","email":"lazaridis@gmail.com","mobile":"","phone":"2103353777","address":"ΑΠΕΛΛΟΥ 1, ΑΘΗΝΑ, 101 88","city":"ΑΘΗΝΑ","vat":"094026421","doy":"Φ.Α.Ε. ΑΘΗΝΩΝ","mail_account":"m.veziri@elta-net.gr","phone_account":""},
{"id":"27","name":"ΜΑΝΩΛΗΣ ΤΡΟΥΛΗΣ","company":"ΤΡΟΥΛΗΣ ΚΑΙ ΣΥΝΕΡΓΑΤΕΣ","work_title":"ΔΙΚΗΓΟΡΙΚΗ ΕΤΑΙΡΕΙΑ","email":"manolis@troulislaw.com","mobile":"","phone":"2103388453","address":"ΒΑΛΑΩΡΙΤΟΥ 9Α, ΑΘΗΝΑ, 106 71","city":"ΑΘΗΝΑ","vat":"997165118","doy":"Δ ΑΘΗΝΩΝ","mail_account":"","phone_account":""},
{"id":"28","name":"ONE TEAM","company":"ONE TEAM ΥΠ\/ΜΑ ΑΛΛΟΔΑΠΗΣ","work_title":"ΥΠΗΡΕΣΙΕΣ ΣΥΜΒΟΥΛΩΝ ΚΑΙ ΣΤΡΑΤΗΓΙΚΗΣ ΔΙΑΧΕΙΡΙΣΗΣ","email":"info@oneteam.gr","mobile":"","phone":"2107259500","address":"ΚΡΙΜΑΙΑΣ 1, Λ. ΜΕΣΟΓΙΩΝ 123Α, ΑΘΗΝΑ, 115 26","city":"ΑΘΗΝΑ","vat":"996941490","doy":"Φ.Α.Ε. ΑΘΗΝΩΝ","mail_account":"finance@oneteam.gr","phone_account":""},
{"id":"31","name":"ASAP ATHENS M.Ε.Π.Ε.","company":"ASAP ATHENS COMMUNICATION AGENCY ΔΙΟΡΓΑΝΩΣΗ ΕΚΔΗΛΩΣΕΩΝ & ΤΗΛΕΟΠΤΙΚΕΣ ΠΑΡΑΓΩΓΕΣ M.Ε.Π.Ε.","work_title":"ΔΙΟΡΓΑΝΩΣΗ ΕΚΔΗΛΩΣΕΩΝ & ΤΗΛΕΟΠΤΙΚΕΣ ΠΑΡΑΓΩΓΕΣ","email":"info@asapathens.gr","mobile":"","phone":"2106753007","address":"ΗΡΑΚΛΕΙΤΟΥ 74, 152 38, ΧΑΛΑΝΔΡΙ","city":"ΧΑΛΑΝΔΡΙ","vat":"998186148","doy":"ΧΑΛΑΝΔΡΙΟΥ","mail_account":"","phone_account":""},
{"id":"32","name":"ΓΕΩΡΓΙΟΣ ΧΟΥΡΔΑΚΗΣ","company":"HOURDAKIS IT SERVICES","work_title":"ΣΥΜΒΟΥΛΟΣ ΠΛΗΡΟΦΟΡΙΚΗΣ","email":"info@hourdakis.com","mobile":"+306948040428","phone":"","address":"ΓΑΡΥΤΤΟΥ 78","city":"ΑΓ.ΠΑΡΑΣΚΕΥΗ","vat":"078249794","doy":"ΧΟΛΑΡΓΟΥ","mail_account":"info@hourdakis.com","phone_account":""},
{"id":"33","name":"ΑΛΕΞΑΚΗΣ ΘΕΟΔΩΡΟΣ","company":"ΑΛΕΞΑΚΗΣ ΘΕΟΔΩΡΟΣ","work_title":"ΕΜΠΟΡΙΟ ΕΙΔΩΝ ΑΡΤΟΠΟΙΕΙΑΣ & ΖΑΧΑΡΟΠΛΑΣΤΙΚΗΣ","email":"alexakis.th@gmail.com","mobile":"6977994100","phone":"2109827088","address":"ΠΛΑΤΩΝΟΣ 12, ΑΛΙΜΟΣ, 174 55","city":"ΑΛΙΜΟΣ","vat":"079972831","doy":"ΠΑΛΑΙΟΥ ΦΑΛΗΡΟΥ","mail_account":"","phone_account":""},
{"id":"34","name":"Μ2","company":"Μ2 ΑΝΤΙΠΡΟΣΩΠΕΥΣΗ ΑΣΦΑΛΙΣΤΙΚΩΝ ΕΤΑΙΡΕΙΩΝ Α.Ε.","work_title":"ΑΣΦΑΛΕΙΕΣ","email":"p.michali@eurostatus.gr","mobile":"6941 592969","phone":"216 4004 160","address":"ΠΙΝΔΟΥ 56-58","city":"ΧΑΛΑΝΔΡΙ","vat":"801273524","doy":"ΦΑΕ ΑΘΗΝΩΝ","mail_account":"financialdpt@eurostatus.gr","phone_account":""},
{"id":"35","name":"The Digital Garage E.E.","company":"The Digital Garage E.E.","work_title":"Σύμβουλοι Marketing","email":"nicholas@digitalgarage.gr","mobile":"6977653553","phone":"","address":"Αγ. Σοφίας 22, 16232, Βυρωνας","city":"ΒΥΡΩΝΑΣ","vat":"801331507","doy":"ΙΖ ΑΘΗΝΩΝ","mail_account":"","phone_account":""},
{"id":"36","name":"ΕΚΕΦΕ ΔΗΜΟΚΡΙΤΟΣ","company":"ΕΚΕΦΕ ΔΗΜΟΚΡΙΤΟΣ","work_title":"ΝΟΜΙΚΟ ΠΡΟΣΩΠΟ ΔΗΜΟΣΙΟΥ ΔΙΚΑΙΟΥ","email":"m.fontara@gel.demokritos.gr","mobile":"","phone":"2106503000","address":"Πάτρ. Γρηγορίου Ε & Νεαπόλεως 27, 15341, Αγ. Παρασκευή","city":"ΑΓΙΑ ΠΑΡΑΣΚΕΥΗ","vat":"090085651","doy":"ΧΟΛΑΡΓΟΥ","mail_account":"","phone_account":"2106503036"},
{"id":"37","name":"MTB CONTROL SYSTEMS IKE","company":"MTB CONTROL SYSTEMS IKE","work_title":"ΚΑΤΑΣΚΕΥΗ ΗΛΕΚΤΡΙΚΩΝ ΠΙΝΑΚΩΝ","email":"elevator@otenet.gr","mobile":"6934091176","phone":"6934091176","address":"ΣΟΦ. ΒΕΝΝΖΕΛΟΥ 145, 16343, ΗΛΙΟΥΠΟΛΗ","city":"ΑΘΗΝΑ","vat":"801098674","doy":"ΗΛΙΟΥΠΟΛΗΣ","mail_account":"elevator@otenet.gr","phone_account":"2109919157"},
{"id":"38","name":"The Narrative O.E.","company":"The Narrative O.E.","work_title":"Υπηρεσίες Επικοινωνίας & Δημοσίων Σχέσεων","email":"kletsas@thenarrative.gr","mobile":"","phone":"2105319660","address":"Σιφναίων Αγγειοπλαστών 21, 15125","city":"ΜΑΡΟΥΣΙ","vat":"801596800","doy":"ΑΜΑΡΟΥΣΙΟΥ","mail_account":"","phone_account":""}
]
