{
    "menu": [
        {
            "url": "/",
            "name": "Αρχική Σελίδα",
            "i18n": "Αρχική Σελίδα",
            "class": "waves-effect waves-cyan",
            "icon": "home",
            "slug": "/"
        },
        {
            "navheader": "ΔΙΑΧΕΙΡΙΣΗ ",
            "icon": "more_horiz"
        },
        {
            "url": "javascript:void(0)",
            "name": "Πελάτες",
            "i18n": "Πελάτες",
            "class": "collapsible-header waves-effect waves-cyan",
            "slug": "clients",
            "icon": "business",
            "submenu": [
                {
                    "url": "/clients",
                    "name": "Λίστα Πελατών",
                    "i18n": "Λίστα Πελατών",
                    "slug": "clients"
                },
                {
                    "url": "/add-client",
                    "name": "Προσθήκη Πελάτη",
                    "i18n": "Προσθήκη Πελάτη",
                    "slug": "add-client"
                }
            ]
        },
        {
            "url": "javascript:void(0)",
            "name": "Τιμολόγια",
            "i18n": "Τιμολόγια",
            "class": "collapsible-header waves-effect waves-cyan",
            "slug": "invoices",
            "icon": "receipt",
            "submenu": [
                {
                    "url": "/invoices",
                    "name": "Λίστα Τιμολογίων",
                    "i18n": "Λίστα Τιμολογίων",
                    "slug": "invoices"
                },
                {
                    "url": "/create-invoice",
                    "name": "Νέο Τιμολόγιο",
                    "i18n": "Νέο Τιμολόγιο",
                    "slug": "add-invoice"
                }
            ]
        },
        {
            "url": "javascript:void(0)",
            "name": "Παραστατικά Εξόδων",
            "i18n": "Παραστατικά Εξόδων",
            "class": "collapsible-header waves-effect waves-cyan",
            "slug": "outcomes",
            "icon": "receipt",
            "submenu": [
                {
                    "url": "/outcomes",
                    "name": "Λίστα Παραστατικών",
                    "i18n": "Λίστα Παραστατικών",
                    "slug": "outcomes"
                },
                {
                    "url": "/create-outcome",
                    "name": "Νέο Παραστατικό",
                    "i18n": "Νέο Παραστατικό",
                    "slug": "create-outcome"
                }
            ]
        },
        {
            "url": "javascript:void(0)",
            "name": "Υπενθυμίσεις",
            "i18n": "Υπενθυμίσεις",
            "class": "collapsible-header waves-effect waves-cyan",
            "slug": "tasks",
            "icon": "playlist_add_check",
            "submenu": [
                {
                    "url": "/tasks",
                    "name": "Λίστα Υπενθυμίσεων",
                    "i18n": "Λίστα Υπενθυμίσεων",
                    "slug": "tasks"
                },
                {
                    "url": "/store-task",
                    "name": "Νέα Υπεθύμιση",
                    "i18n": "Νέα Υπεθύμιση",
                    "slug": "store-task"
                }
            ]
        }
    ]
}
